label	lmfdb_label	conductor	ainvs	disc_sign	r_lower	r_upper	rank_certified	sha2_rank_s	r_an	L_r_over_rfact	Omega_E	w1	regulator	sat_bound	torsion	tamagawa_prod	tamagawa_list	rootno	sha_an	sha_an_via_ellbsd	ellbsd_check_reldiff	lfun_taylor_check	time_ms
11a1		11	[0, -1, 1, -10, -20]	-1	0	0	yes	0	0	0.253841860855910684337758923350909461043898448366121733593427	1.26920930427955342168879461675454730521949224183060866796714	1.26920930427955342168879461675454730521949224183060866796714	1	1000	5	5	[5]	1	1.00000000000000000000000000000000000000000000000000000000000	1.00000000000000000000000000000000000000000000000000000000000	0.E-76	4.318084277547222313 E-78	6
37a1		37	[0, 0, 1, -1, 0]	1	1	1	yes	0	1	0.305999773834052301820483683321676474452637774590771998534542	5.98691729246391925966401995890501635559516758274026597068105	2.99345864623195962983200997945250817779758379137013298534052	0.0511114082399688402358860997569420216095382022808529642492428	1000	1	1	[1]	-1	1.00000000000000000000000000000000000000000000000000000000000	1.00000000000000000000000000000000000000000000000000000000000	0.E-76	8.636168555094444625 E-78	77
389a1		389	[0, 1, 1, -2, 0]	1	2	2	yes	0	2	0.759316500288426770230192607894722019078097516494924351585805	4.98042512171011015064271558388460492031211636067914008010994	2.49021256085505507532135779194230246015605818033957004005497	0.152460177943143751624324757049455823243727077486630817840281	1000	1	1	[1]	1	1.00000000000000000000000000000000000000000000000000000000000	1.00000000000000000000000000000000000000000000000000000000000	0.E-76	2.5908505665283333876 E-77	97
433a1		433	[1, 0, 0, 0, 1]	-1	2	2	yes	0	2	0.947020780865814533489726400980751253204348358146363081268190	4.21471019299848436759065578287827552916037505100599908227767	4.21471019299848436759065578287827552916037505100599908227767	0.224694163418166741612071133995500441366828602504245122090390	1000	1	1	[1]	1	1.00000000000000000000000000000000000000000000000000000000000	1.00000000000000000000000000000000000000000000000000000000000	0.E-76	8.636168555094444625 E-78	77
446d1		446	[1, -1, 0, -4, 4]	1	2	2	yes	0	2	0.940282604689620686941818184150605942852011005687583564977153	4.82973435285795418947595922277631399997290979093876166627535	2.41486717642897709473797961138815699998645489546938083313767	0.0973430975694570509774957394327049892081729396726904107377705	1000	1	2	[2, 1]	1	1.00000000000000000000000000000000000000000000000000000000000	1.00000000000000000000000000000000000000000000000000000000000	0.E-76	1.6408720254679444788 E-76	119
563a1		563	[1, 1, 1, -15, 16]	-1	2	2	yes	0	2	1.13455591700333387173270885324578807098267256342115224206780	5.17520902251514190727153531423987725146435860061068425812150	5.17520902251514190727153531423987725146435860061068425812150	0.219229003517995456286946191043342445936013182292306949635235	1000	1	1	[1]	1	1.00000000000000000000000000000000000000000000000000000000000	1.00000000000000000000000000000000000000000000000000000000000	0.E-76	3.454467422037777850 E-77	96
571b1		571	[0, 1, 1, -4, 2]	-1	2	2	yes	0	2	0.903160516971664469931148625257239378639223031143153033223034	5.09531461973913077518247727320461043060703949698825998236182	5.09531461973913077518247727320461043060703949698825998236182	0.177253140262004931744091099725954374009088919514882655913977	1000	1	1	[1]	1	1.00000000000000000000000000000000000000000000000000000000000	1.00000000000000000000000000000000000000000000000000000000000	0.E-76	1.7272337110188889251 E-77	107
643a1		643	[1, 0, 0, -4, 3]	-1	2	2	yes	0	2	1.14826173654899828084034002566380988121505588700996210732795	5.01031343314288891257631376914025122606194763454366836785768	5.01031343314288891257631376914025122606194763454366836785768	0.229179621568847078938767135198384435021016866064609892171531	1000	1	1	[1]	1	1.00000000000000000000000000000000000000000000000000000000000	1.00000000000000000000000000000000000000000000000000000000000	0.E-76	5.181701133056666775 E-77	87
655a1		655	[0, 0, 1, -13, 18]	-1	2	2	yes	0	2	0.888192110827498271674506759178519599010734413364364387886463	4.48792580493928401756965436790010849964915817702688741225234	4.48792580493928401756965436790010849964915817702688741225234	0.0989535198921937605455687057557254270470861012653720058654195	1000	1	2	[2, 1]	1	1.00000000000000000000000000000000000000000000000000000000000	1.00000000000000000000000000000000000000000000000000000000000	0.E-76	8.636168555094444625 E-77	117
664a1		664	[0, 0, 0, -7, 10]	-1	2	2	yes	0	2	1.37420267613501021147328261095410514067073335937100952253101	3.55362747468247074986595169539724350696889269023312344569052	3.55362747468247074986595169539724350696889269023312344569052	0.0966760504530515052579053796496668914274578957289736295212202	1000	1	4	[4, 1]	1	1.00000000000000000000000000000000000000000000000000000000000	1.00000000000000000000000000000000000000000000000000000000000	0.E-76	3.281744050935888958 E-76	86
681c1		681	[0, -1, 1, 0, 2]	-1	2	2	yes	0	2	1.02627114739401182837348384829757622713314808298749505828475	3.77084616854856453340970683113285506176513731771572167806919	3.77084616854856453340970683113285506176513731771572167806919	0.136079688950694268446478372652388595164331140664373493528812	1000	1	2	[2, 1]	1	1.00000000000000000000000000000000000000000000000000000000000	1.00000000000000000000000000000000000000000000000000000000000	0.E-76	1.7272337110188889251 E-77	85
707a1		707	[0, 1, 1, -12, 12]	1	2	2	yes	0	2	0.973851346027092472090496938881211419882709636820424873095697	4.31451929618892448835162445266886781385294850416105724515365	2.15725964809446224417581222633443390692647425208052862257683	0.112857456320488478087278063827153889463874016244353083503101	1000	1	2	[2, 1]	1	1.00000000000000000000000000000000000000000000000000000000000	1.00000000000000000000000000000000000000000000000000000000000	0.E-76	0.E-77	90
709a1		709	[0, -1, 1, -2, 0]	1	2	2	yes	0	2	1.05370165380949337217153331053325671870181023812499217052334	4.07332894004356329659008973174134798858628088070536879821246	2.03666447002178164829504486587067399429314044035268439910623	0.258683172736406669969244323486181605005230011787390172859910	1000	1	1	[1]	1	1.00000000000000000000000000000000000000000000000000000000000	1.00000000000000000000000000000000000000000000000000000000000	0.E-76	1.7272337110188889251 E-77	71
718b1		718	[1, 0, 1, -5, 0]	1	2	2	yes	0	2	1.25178115276889301332904309624645151808084529063358983268290	3.68477935580378503275639279550939975022233778985902443737641	1.84238967790189251637819639775469987511116889492951221868821	0.169858359469645069055774099098995523894343766553729565234421	1000	1	2	[2, 1]	1	1.00000000000000000000000000000000000000000000000000000000000	1.00000000000000000000000000000000000000000000000000000000000	0.E-76	3.454467422037777850 E-77	88
794a1		794	[1, 0, 1, -3, 2]	-1	2	2	yes	0	2	1.29454191213101219263368168970142692679980295132786017276994	4.34264337335914562115166661709896217809614765090949679456860	4.34264337335914562115166661709896217809614765090949679456860	0.149049991080622738644474967893637870237969769009517053853634	1000	1	2	[2, 1]	1	1.00000000000000000000000000000000000000000000000000000000000	1.00000000000000000000000000000000000000000000000000000000000	0.E-76	8.636168555094444625 E-77	83
817a1		817	[0, 1, 1, 1, 6]	-1	2	2	yes	0	2	1.56647038942276925857423985441939934657101248056999928240305	3.05645146400211547716810007934826012861825372189004473191386	3.05645146400211547716810007934826012861825372189004473191386	0.256256382257684208644536116867987065630725227139573629669926	1000	1	2	[2, 1]	1	1.00000000000000000000000000000000000000000000000000000000000	1.00000000000000000000000000000000000000000000000000000000000	0.E-76	0.E-76	136
916c1		916	[0, 0, 0, -4, 1]	1	2	2	yes	0	2	1.59754815056093975665315425968309783165497627537003475817770	3.90212557565417067802164526766165810587759808319077468012922	1.95106278782708533901082263383082905293879904159538734006461	0.136468199155201822154232814330740898427586862674472555173325	1000	1	3	[3, 1]	1	1.00000000000000000000000000000000000000000000000000000000000	1.00000000000000000000000000000000000000000000000000000000000	0.E-76	3.454467422037777850 E-77	74
944e1		944	[0, 0, 0, -19, 34]	-1	2	2	yes	0	2	1.62161758288515907623633300750529299069619684789225099471579	3.43969163119247254432552120626836484360187272156111570884276	3.43969163119247254432552120626836484360187272156111570884276	0.117860680313585012773254230091271282413682214579722412438469	1000	1	4	[4, 1]	1	1.00000000000000000000000000000000000000000000000000000000000	1.00000000000000000000000000000000000000000000000000000000000	0.E-76	1.7272337110188889251 E-77	78
997b1		997	[0, -1, 1, -5, -3]	1	2	2	yes	0	2	1.80057372832519933047804649614652419971290322176048248144910	3.15326269480353153276742036782721567139803938478683133756732	1.57663134740176576638371018391360783569901969239341566878366	0.571019259287366988341108843169484267450998138539991220078617	1000	1	1	[1]	1	1.00000000000000000000000000000000000000000000000000000000000	1.00000000000000000000000000000000000000000000000000000000000	0.E-76	3.454467422037777850 E-77	82
1001c1		1001	[0, 0, 1, -199, 1092]	-1	2	2	yes	0	2	0.986026449549640085022078021717027961467768334029977464490987	2.28178753509286666908474489840365962336164758743995664980887	2.28178753509286666908474489840365962336164758743995664980887	0.0360107457561596077387960425579930064264827619991484259154260	1000	1	12	[2, 3, 2]	1	1.00000000000000000000000000000000000000000000000000000000000	1.00000000000000000000000000000000000000000000000000000000000	0.E-76	0.E-77	98
1058d1		1058	[1, -1, 0, -332311, -73733731]	-1	0	0	yes	0	0	2.48536002785203573884324684133078313911360376648684264330515	0.0994144011140814295537298736532313255645441506594737057322062	0.0994144011140814295537298736532313255645441506594737057322062	1	1000	1	1	[1, 1]	1	25.0000000000000000000000000000000000000000000000000000000000	25.0000000000000000000000000000000000000000000000000000000000	0.E-76	0.E-76	9
5077a1		5077	[0, 0, 1, -7, 6]	1	3	3	yes	0	3	1.73184990011930068979197508506015284495439272927616821328741	4.15168798308693304988417568350728629977162825656977610519374	2.07584399154346652494208784175364314988581412828488805259687	0.417143558758383969817119544618093396749810106098498386724737	1000	1	1	[1]	-1	1.00000000000000000000000000000000000000000000000000000000000	1.00000000000000000000000000000000000000000000000000000000000	0.E-76	1.5545103399170000326 E-75	116
194040co6	194040.cu1	194040	[0, 0, 0, -456382227, -3752677112114]	1	2	2	yes	2	2	13.9865233347408380472125874950488419042327509512638045791216	0.0326638500999618144339342290100284190360519480832513877817918	0.0163319250499809072169671145050142095180259740416256938908959	107.048949311988706332244991182799425204061856606328064888881	100	2	4	[1, 2, 1, 2, 1]	1	4.00000000000000000000000000000000000000000000000000000000000	4.00000000000000000000000000000000000000000000000000000000000	0.E-76	6.908934844075555700 E-76	100
194766c4	194766.bg1	194766	[1, 0, 0, -2077504, -1152726172]	1	2	2	yes	2	2	18.3671502473983806285615906038118689265414738680433662130711	0.125751764154389643574432947553858027784442401724401517771643	0.0628758820771948217872164737769290138922212008622007588858213	73.0293939449168141503624289412249788842200793266408957416446	100	2	2	[2, 1, 1, 1, 1]	1	4.00000000000000000000000000000000000000000000000000000000000	4.00000000000000000000000000000000000000000000000000000000000	0.E-76	8.290721812890666840 E-76	68
226005g3	226005.b5	226005	[1, 1, 1, -268695, 67104702]	-1	2	2	yes	2	2	7.62744290644241121810808286414976333939271347927426004493997	0.269785289731178864653965711545053263733214530310214386286399	0.269785289731178864653965711545053263733214530310214386286399	14.1361356544728500397296993069486108336544087304278956539223	100	4	8	[1, 1, 1, 1, 8]	1	4.00000000000000000000000000000000000000000000000000000000000	4.00000000000000000000000000000000000000000000000000000000000	0.E-76	0.E-76	85
226920a6	226920.h1	226920	[0, 1, 0, -73824640, -244170894880]	1	2	2	yes	2	2	16.9672151796875065545300960220139849981369644362416026413097	0.0515049796279030733153538283803309133471770437226013538220104	0.0257524898139515366576769141901654566735885218613006769110052	164.714317938448762879230650596807473211989324140491626538852	100	2	2	[1, 1, 1, 1, 2]	1	4.00000000000000000000000000000000000000000000000000000000000	4.00000000000000000000000000000000000000000000000000000000000	0.E-76	2.763573937630222280 E-76	55
245310bs8	245310.bs1	245310	[1, 1, 1, -2143488860, -38197932575245]	1	2	2	yes	2	2	19.0980403845322057854892207565656343379085181766971094706743	0.0221880565865338242972450626559929465967517146272928127925461	0.0110940282932669121486225313279964732983758573136464063962730	107.591894709488756285957805450141903733764868102132774614958	100	2	8	[1, 2, 1, 1, 4, 1]	1	4.00000000000000000000000000000000000000000000000000000000000	4.00000000000000000000000000000000000000000000000000000000000	0.E-76	2.763573937630222280 E-76	73
256410m4	256410.m1	256410	[1, -1, 0, -3359385, -2369097365]	1	2	2	yes	2	2	9.77848264993327670761883424526861544045629019012694085756676	0.111515355151657991686356454245171940502229321809594784117001	0.0557576775758289958431782271225859702511146609047973920585006	21.9218300399859594129507882724440863424108362654623148985947	100	2	4	[1, 2, 1, 1, 2, 1]	1	4.00000000000000000000000000000000000000000000000000000000000	4.00000000000000000000000000000000000000000000000000000000000	0.E-76	1.3817869688151111401 E-76	86
256410q5	256410.q1	256410	[1, -1, 0, -455384160, 3740487540790]	1	2	2	yes	2	2	10.0711831599920368782812786190023076261690667790105927530032	0.253656623499456835097285499922771391591449860649718005310072	0.126828311749728417548642749961385695795724930324859002655036	9.92600057220031817819045798610344934983905027590911786573964	100	2	4	[1, 2, 1, 1, 1, 2]	1	4.00000000000000000000000000000000000000000000000000000000000	4.00000000000000000000000000000000000000000000000000000000000	0.E-76	2.763573937630222280 E-76	101
297330bm4	297330.bm1	297330	[1, 0, 0, -13993740, -20149947900]	1	2	2	yes	2	2	24.8610905331549737678074562093476210579155909996229706312957	0.0780577638895166275049334348648682759620503627238367772280016	0.0390288819447583137524667174324341379810251813619183886140008	13.2706693171607999825023342059631332634703094488533326809582	100	2	24	[2, 2, 3, 1, 2, 1]	1	4.00000000000000000000000000000000000000000000000000000000000	4.00000000000000000000000000000000000000000000000000000000000	0.E-76	1.6581443625781333681 E-75	82
305256n4	305256.n1	305256	[0, 1, 0, -1628032, -800087200]	1	2	2	yes	2	2	18.9173614858665448076890455438364748174826814695731654378710	0.133654565443056421586401590545942064289868824762352536871033	0.0668272827215282107932007952729710321449344123811762684355166	141.539209103382958211526525438218458458647918352685251658561	100	2	1	[1, 1, 1, 1, 1]	1	4.00000000000000000000000000000000000000000000000000000000000	4.00000000000000000000000000000000000000000000000000000000000	0.E-76	8.290721812890666840 E-76	60
312018bm4	312018.bm3	312018	[1, 1, 1, -3745349, 9047227241]	-1	2	2	yes	2	2	17.0301799142607101886868839152933618910865198343135221252047	0.101203817180870519002112870309338736301062982026523669877129	0.101203817180870519002112870309338736301062982026523669877129	84.1380314925499862368808536629835569954006932696112649904953	100	2	2	[1, 1, 2, 1, 1, 1]	1	4.00000000000000000000000000000000000000000000000000000000000	4.00000000000000000000000000000000000000000000000000000000000	0.E-76	1.1054295750520889120 E-75	87
